BOO6536844/653684402,https://www.booking.com/hotel/us/1972la-condo.en-gb.html
BOO5692814/569281402,https://www.booking.com/hotel/us/2-403-your-vista-cay-condo.en.html?aid=304142;sid=2cce601e32c52dc1429944b74f7c548f;dest_id=0&;group_adults=2;group_children=0;no_rooms=1
BOO7085808/708580802,https://www.booking.com/hotel/us/2br-condo-family-resort-pool-and-hot-tub.en.html?aid=304142;sid=1a9b463f037cbec1ade71d662fada871;dest_id=0&;group_adults=2;group_children=0;no_rooms=1
BOO7085813/708581302,https://www.booking.com/hotel/us/2br-suite-family-resort-pool-and-hot-tub.en.html?aid=304142;sid=3e244de4f725f8b3933dc5b0471b2074;dest_id=0&;group_adults=2;group_children=0;no_rooms=1
BOO7238472/723847202,https://www.booking.com/hotel/us/4846vc-townhouse.en.html?aid=304142;sid=0036def0475f7f616979e6df215c2cac;dest_id=0&;group_adults=2;group_children=0;no_rooms=1
BOO5692784/569278402,https://www.booking.com/hotel/us/9-408-your-vista-cay-condo.en.html?aid=304142;sid=fd0ebc3ac2854b0dd0cb7b9a4f4fcbaf;dest_id=0&;group_adults=2;group_children=0;no_rooms=1
BOO6565611/656561102,https://www.booking.com/hotel/us/amazing-condo-1bdr-1bth-near-downtown-orlando.en.html?aid=304142;sid=87e03016fb2a8d0922a2a810171e68de;dest_id=0&;group_adults=2;group_children=0;no_rooms=1
BOO56836/5683601,https://www.booking.com/hotel/us/bryan-s-spanish-cove.en.html?aid=304142;sid=bf71f5939e04829df9eb99a8549419e2;dest_id=0&;group_adults=2;group_children=0;no_rooms=1
BOO3731945/373194502,https://www.booking.com/hotel/us/casa-lucia-lakeview-condo.en.html?aid=304142;sid=7bfb0dce657e804dccd8704fed33cead;dest_id=0&;group_adults=2;group_children=0;no_rooms=1
BOO4027424/402742402,https://www.booking.com/hotel/us/casa-magna-condo-152742-condo.en.html?aid=304142;sid=5868d3a471826b44fe9640c02d8aaddf;dest_id=0&;group_adults=2;group_children=0;no_rooms=1
BOO3857703/385770302,https://www.booking.com/hotel/us/casa-maya-condo-148308-condo.en.html?aid=304142;sid=36c817fa7b1a61ffd435f2037552bf1f;dest_id=0&;group_adults=2;group_children=0;no_rooms=1
BOO2624223/262422302,https://www.booking.com/hotel/us/cayview-condo-231537-condo.en.html?aid=304142;sid=cb8d75b251f4ece60f4ef38ab09a33cb;dest_id=0&;group_adults=2;group_children=0;no_rooms=1
BOO2624172/262417202,https://www.booking.com/hotel/us/cayview-condo-231543-condo.en.html?aid=304142;sid=17e75b63b995b6c789d7fcd13c05a2ef;dest_id=0&;group_adults=2;group_children=0;no_rooms=1
BOO2624294/262429402,https://www.booking.com/hotel/us/cayview-house-231539-home.en.html?aid=304142;sid=d28e5f45c8ba9ed5f26b2c65bbaea9ca;dest_id=0&;group_adults=2;group_children=0;no_rooms=1
BOO4675449/467544901,https://www.booking.com/hotel/us/chantilly-villa.en.html?aid=304142;sid=0446fdabc8fae6a4693bd038feeca573;dest_id=0&;group_adults=2;group_children=0;no_rooms=1
BOO7109582/710958202,https://www.booking.com/hotel/us/chic-vista-cay-getaway-on-universal-with-pools-gym-condo.en.html?aid=304142;sid=ad52d8ba94b9d4f6ec4ee74aca241d84;dest_id=0&;group_adults=2;group_children=0;no_rooms=1
BOO2776072/277607202,https://www.booking.com/hotel/us/condo-blue-heron-condo.en.html?aid=304142;sid=bfbc5114f9e015043e7be35d952e52fc;dest_id=0&;group_adults=2;group_children=0;no_rooms=1
BOO4686523/468652301,https://www.booking.com/hotel/us/deluxe-3-bedroom-apartment-vista-cay-resort-404.en.html?aid=304142;sid=91fdc6cc2a4be86a293c3dbdd30261cc;dest_id=0&;group_adults=2;group_children=0;no_rooms=1
BOO7190029/719002902,https://www.booking.com/hotel/us/dual-suite-lake-view-escape-mins-to-disney-world-condo.en.html?aid=304142;sid=a26a625ff9b1c673b7229fa1ea1c6de8;dest_id=0&;group_adults=2;group_children=0;no_rooms=1
BOO6018958/601895802,https://www.booking.com/hotel/us/enchantment-at-blue-heron.en.html?aid=304142;sid=565361a8ef422dcdb603d417170f382f;dest_id=0&;group_adults=2;group_children=0;no_rooms=1
BOO6018958/601895803,https://www.booking.com/hotel/us/enchantment-at-blue-heron.en.html?aid=304142;sid=565361a8ef422dcdb603d417170f382f;dest_id=0&;group_adults=2;group_children=0;no_rooms=1
BOO7292132/729213202,https://www.booking.com/hotel/us/enclave-suites-2-br-near-universal-on-1st-floor-with-walk-out-patio-condo.en.html?aid=304142;sid=633b09da7d280b82e0d87ee19686d8d0;dest_id=0&;group_adults=2;group_children=0;no_rooms=1
BOO279344/27934415,https://www.booking.com/hotel/us/extended-stay-deluxe-orlando-john-young-parkway.en.html?aid=304142;sid=94aeccee095683d91bc75f85963da4a2;dest_id=0&;group_adults=2;group_children=0;no_rooms=1
BOO279344/27934416,https://www.booking.com/hotel/us/extended-stay-deluxe-orlando-john-young-parkway.en.html?aid=304142;sid=94aeccee095683d91bc75f85963da4a2;dest_id=0&;group_adults=2;group_children=0;no_rooms=1
BOO6689561/668956102,https://www.booking.com/hotel/us/h2u-olive-vc4804.en.html?aid=304142;sid=bfaf8e7c66c9b2f2dc9b11bcd0a93dd8;dest_id=0&;group_adults=2;group_children=0;no_rooms=1
BOO7331079/733107902,https://www.booking.com/hotel/us/hunters-creek-3045.en.html?aid=304142;sid=7d480ce0270ac3e3fad68bdb10bdc481;dest_id=0&;group_adults=2;group_children=0;no_rooms=1
BOO6709160/670916002,https://www.booking.com/hotel/us/hunters-creek-3512.en.html?aid=304142;sid=d99d4225b0ebef12441dcdeacc410b88;dest_id=0&;group_adults=2;group_children=0;no_rooms=1
BOO6553643/655364301,https://www.booking.com/hotel/us/is1-110-3-bedrooms-near-universal-studios.en.html?aid=304142;sid=92d5dcb8f882728f73f95cab52bcc209;dest_id=0&;group_adults=2;group_children=0;no_rooms=1
BOO6553446/655344601,https://www.booking.com/hotel/us/is1-208-great-view-3-bedroom-by-convention-center.en.html?aid=304142;sid=ad52d8ba94b9d4f6ec4ee74aca241d84;dest_id=0&;group_adults=2;group_children=0;no_rooms=1
BOO6553654/655365401,https://www.booking.com/hotel/us/is2-110-3-bedrooms-near-universal-studios.en.html?aid=304142;sid=b5a1a7d900feeafabf0b618bf59e58c6;dest_id=0&;group_adults=2;group_children=0;no_rooms=1
BOO3041620/304162002,https://www.booking.com/hotel/us/lakeside-retreat-orange-county.en.html?aid=304142;sid=195687f28a3ecee93a79fb982c0892cd;dest_id=0&;group_adults=2;group_children=0;no_rooms=1
BOO3044791/304479102,https://www.booking.com/hotel/us/luxury-retreat-orange-county.en.html?aid=304142;sid=d8ba337b3dcc0bba1288985841b64200;dest_id=0&;group_adults=2;group_children=0;no_rooms=1
BOO262659/26265901,https://www.booking.com/hotel/us/marriott-s-imperial-palm-villas.en.html?aid=304142;sid=bf71f5939e04829df9eb99a8549419e2;dest_id=0&;group_adults=2;group_children=0;no_rooms=1
BOO4675630/467563001,https://www.booking.com/hotel/us/merlyns-magic.en.html?aid=304142;sid=47fb5f16b098af717cea7b90208330a9;dest_id=0&;group_adults=2;group_children=0;no_rooms=1
BOO5992824/599282402,https://www.booking.com/hotel/us/new-updated-college-park-home-4-mi-to-winter-park.en.html?aid=304142;sid=2645bee510bd25472d988ef4f6df06f7;dest_id=0&;group_adults=2;group_children=0;no_rooms=1
BOO319379/31937908,https://www.booking.com/hotel/us/orlando-4874-cayview-avenue.en.html?aid=304142;sid=9a16c53d2745cf909d3fa1a9d72a6ac5;dest_id=0&;group_adults=2;group_children=0;no_rooms=1
BOO3044776/304477602,https://www.booking.com/hotel/us/orlando-dreams-orange-county.en.html?aid=304142;sid=6ab73b6d86ee03b8e28f58b4000c29b6;dest_id=0&;group_adults=2;group_children=0;no_rooms=1
BOO2776074/277607402,https://www.booking.com/hotel/us/penthouse-blue-heron-condo.en.html?aid=304142;sid=bfbc5114f9e015043e7be35d952e52fc;dest_id=0&;group_adults=2;group_children=0;no_rooms=1
BOO7077834/707783402,https://www.booking.com/hotel/us/pet-friendly-home-with-yard-10-mi-to-universal.en.html?aid=304142;sid=1d91db8fc291122b4de43bed95a79476;dest_id=0&;group_adults=2;group_children=0;no_rooms=1
BOO5993844/599384402,https://www.booking.com/hotel/us/resort-condo-w-patio-5-mins-from-disney-world.en.html?aid=304142;sid=36f86468c2c7cc7e194c33cb0761388f;dest_id=0&;group_adults=2;group_children=0;no_rooms=1
BOO2625576/262557602,https://www.booking.com/hotel/us/shoreway-condo-231517-condo.en.html?aid=304142;sid=8991c7a906397b1a190a31661ccd6eec;dest_id=0&;group_adults=2;group_children=0;no_rooms=1
BOO2625575/262557502,https://www.booking.com/hotel/us/shoreway-condo-231519-condo.en.html?aid=304142;sid=8991c7a906397b1a190a31661ccd6eec;dest_id=0&;group_adults=2;group_children=0;no_rooms=1
BOO2625600/262560002,https://www.booking.com/hotel/us/shoreway-condo-231520-condo.en.html?aid=304142;sid=7790b2c6986a7fab60339f6809f628ed;dest_id=0&;group_adults=2;group_children=0;no_rooms=1
BOO2625601/262560102,https://www.booking.com/hotel/us/shoreway-condo-231530-condo.en.html?aid=304142;sid=1406b30a8b3a75c8640ffd6382fced3e;dest_id=0&;group_adults=2;group_children=0;no_rooms=1
BOO2625589/262558902,https://www.booking.com/hotel/us/shoreway-condo-231531-condo.en.html?aid=304142;sid=1406b30a8b3a75c8640ffd6382fced3e;dest_id=0&;group_adults=2;group_children=0;no_rooms=1
BOO2625602/262560202,https://www.booking.com/hotel/us/shoreway-condo-231532-condo.en.html?aid=304142;sid=1406b30a8b3a75c8640ffd6382fced3e;dest_id=0&;group_adults=2;group_children=0;no_rooms=1
BOO2624240/262424002,https://www.booking.com/hotel/us/shoreway-condo-231738-condo.en.html?aid=304142;sid=9a9b029da6ebb2e75e2f9b25fb0f0801;dest_id=0&;group_adults=2;group_children=0;no_rooms=1
BOO7255419/725541905,https://www.booking.com/hotel/us/sonder-l-vista-cay.en.html?aid=304142;sid=81bf43ec409f22262982969010ad76de;dest_id=0&;group_adults=2;group_children=0;no_rooms=1
BOO5735302/573530206,https://www.booking.com/hotel/us/sonder-steelhouse.en.html?aid=304142;sid=8a3f2168ede8600733df59c483f9b0b6;dest_id=0&;group_adults=2;group_children=0;no_rooms=1
BOO6060406/606040602,https://www.booking.com/hotel/us/studio-w-fire-pit-gazebo-17mi-to-disney.en.html?aid=304142;sid=07cb8fdc17eb1e3079d248bbbacc5400;dest_id=0&;group_adults=2;group_children=0;no_rooms=1
BOO5764289/576428903,https://www.booking.com/hotel/us/stunning-condo-near-universal-studios.en.html?aid=304142;sid=ce1fe56e32ca24b799e2ddb6d7e1dcee;dest_id=0&;group_adults=2;group_children=0;no_rooms=1
BOO2441372/244137202,https://www.booking.com/hotel/us/sunbay-villa-45869.en.html?aid=304142;sid=37aff0f5d05bd61b15ad8b89c302a493;dest_id=0&;group_adults=2;group_children=0;no_rooms=1
BOO6553420/655342001,https://www.booking.com/hotel/us/th155-3-bedroom-townhouse-by-universal-studios.en.html?aid=304142;sid=8f254b79a1cfb2dcc3d43b3de005e341;dest_id=0&;group_adults=2;group_children=0;no_rooms=1
BOO2235244/223524408,https://www.booking.com/hotel/us/the-courtyard-at-lake-lucerne.en.html?aid=304142;sid=6b90a491daf06e02be38577efa2711ff;dest_id=0&;group_adults=2;group_children=0;no_rooms=1
BOO2235244/223524409,https://www.booking.com/hotel/us/the-courtyard-at-lake-lucerne.en.html?aid=304142;sid=6b90a491daf06e02be38577efa2711ff;dest_id=0&;group_adults=2;group_children=0;no_rooms=1
BOO3044788/304478802,https://www.booking.com/hotel/us/tropical-paradise-orange-county.en.html?aid=304142;sid=adedc99f5c365137f331f8355941e911;dest_id=0&;group_adults=2;group_children=0;no_rooms=1
BOO3298354/329835402,https://www.booking.com/hotel/us/tropical-splendor-townhouse.en.html?aid=304142;sid=0414dfaf7b5a4bbb952e225ccf637ad6;dest_id=0&;group_adults=2;group_children=0;no_rooms=1
BOO4938013/493801303,https://www.booking.com/hotel/us/villa-manuel-condo-161928-condo.en.html?aid=304142;sid=47fb5f16b098af717cea7b90208330a9;dest_id=0&;group_adults=2;group_children=0;no_rooms=1
BOO4356050/435605002,https://www.booking.com/hotel/us/vista-cay-101.en.html?aid=304142;sid=ad0714ece8db5287c8d6e7b619cd0795;dest_id=0&;group_adults=2;group_children=0;no_rooms=1
BOO4356053/435605302,https://www.booking.com/hotel/us/vista-cay-104.en.html?aid=304142;sid=ad0714ece8db5287c8d6e7b619cd0795;dest_id=0&;group_adults=2;group_children=0;no_rooms=1
BOO4356054/435605402,https://www.booking.com/hotel/us/vista-cay-107-orlando1.en.html?aid=304142;sid=2a38cf06e97bfd3e41a25a5476d2c232;dest_id=0&;group_adults=2;group_children=0;no_rooms=1
BOO6744327/674432702,https://www.booking.com/hotel/us/vista-cay-2br-on-universal-blvd-2-miles-to-i-dr-5049cv.en.html?aid=304142;sid=14001773acb7ded65a0e614e42691799;dest_id=0&;group_adults=2;group_children=0;no_rooms=1
BOO4356081/435608102,https://www.booking.com/hotel/us/vista-cay-401-a.en.html?aid=304142;sid=832255d86518f2636396c0d1d27adea0;dest_id=0&;group_adults=2;group_children=0;no_rooms=1
BOO4356073/435607302,https://www.booking.com/hotel/us/vista-cay-4126-orlando1.en.html?aid=304142;sid=9faf9d4845efc21f0c3e8df67ce0eda5;dest_id=0&;group_adults=2;group_children=0;no_rooms=1
BOO4365046/436504602,https://www.booking.com/hotel/us/vista-cay-5000-orlando1.en.html?aid=304142;sid=b141a79932d0ad52e9f82ecb7a743bf1;dest_id=0&;group_adults=2;group_children=0;no_rooms=1
BOO4365064/436506402,https://www.booking.com/hotel/us/vista-cay-5025.en.html?aid=304142;sid=2a38cf06e97bfd3e41a25a5476d2c232;dest_id=0&;group_adults=2;group_children=0;no_rooms=1
BOO4365050/436505002,https://www.booking.com/hotel/us/vista-cay-5075.en.html?aid=304142;sid=045eeb46e451fa9853746a37b2f3026b;dest_id=0&;group_adults=2;group_children=0;no_rooms=1
BOO4365048/436504802,https://www.booking.com/hotel/us/vista-cay-8013.en.html?aid=304142;sid=55e392f9b2a35cb2aed44f66907b60b3;dest_id=0&;group_adults=2;group_children=0;no_rooms=1
BOO2778127/277812702,https://www.booking.com/hotel/us/vista-cay-condo-117606-condo.en.html?aid=304142;sid=693e3bd6a9dd0124f72a8cf20d905706;dest_id=0&;group_adults=2;group_children=0;no_rooms=1
BOO2778124/277812402,https://www.booking.com/hotel/us/vista-cay-condo-117640-condo.en.html?aid=304142;sid=f42a33d8202d60a8305a03c907ba5a6a;dest_id=0&;group_adults=2;group_children=0;no_rooms=1
BOO3829561/382956102,https://www.booking.com/hotel/us/vista-cay-condo-118774-condo.en.html?aid=304142;sid=c93f9a03da83a0b1cb60dd4612b0ff30;dest_id=0&;group_adults=2;group_children=0;no_rooms=1
BOO3829545/382954502,https://www.booking.com/hotel/us/vista-cay-condo-118776-condo.en.html?aid=304142;sid=7a48ba5454dfb2a971ea78be9dce9f9d;dest_id=0&;group_adults=2;group_children=0;no_rooms=1
BOO2778126/277812602,https://www.booking.com/hotel/us/vista-cay-condo-123065-condo.en.html?aid=304142;sid=dffc7cbca6f28f3fc393115e45786b00;dest_id=0&;group_adults=2;group_children=0;no_rooms=1
BOO5731325/573132502,https://www.booking.com/hotel/us/vista-cay-luxury-3-bedroom-condo-3030.en.html?aid=304142;sid=2cce601e32c52dc1429944b74f7c548f;dest_id=0&;group_adults=2;group_children=0;no_rooms=1
BOO5662559/566255901,https://www.booking.com/hotel/us/vista-cay-luxury-4-bedroom-condo-3117.en.html?aid=304142;sid=6a24e4f094781a55eacb352a2355436d;dest_id=0&;group_adults=2;group_children=0;no_rooms=1
BOO5663029/566302901,https://www.booking.com/hotel/us/vista-cay-luxury-lakeview-3-bedroom-condo-3087.en.html?aid=304142;sid=b30af311bc563d96c63f8ce4bb3b7758;dest_id=0&;group_adults=2;group_children=0;no_rooms=1
BOO6111848/611184801,https://www.booking.com/hotel/us/vista-cay-standard-3-bedroom-condo-3040.en.html?aid=304142;sid=90fa1b5f4b514314dd76d219086b72d8;dest_id=0&;group_adults=2;group_children=0;no_rooms=1
BOO4365075/436507502,https://www.booking.com/hotel/us/vista-cay-unit-307.en.html?aid=304142;sid=da83b1f6ae48b5eca7ceed156927b8c9;dest_id=0&;group_adults=2;group_children=0;no_rooms=1
BOO3511666/351166602,https://www.booking.com/hotel/us/vista-villa-condo.en.html?aid=304142;sid=826ffd71ee409ff3b55278630bb85fed;dest_id=0&;group_adults=2;group_children=0;no_rooms=1
